"","accuracy","precision","recall","f1_score"
"0","0.9083333333333333","0.9084467907752154","0.9083333333333333","0.9083269671504965"
