"","accuracy","precision","recall","f1_score"
"0","0.9066666666666666","0.9068293984260372","0.9066666666666666","0.9066573323999065"
