"","accuracy","precision","recall","f1_score"
"0","0.9108333333333334","0.9116669589251567","0.9108333333333334","0.910788169844317"
