"","accuracy","precision","recall","f1_score"
"0","0.9116666666666666","0.9117810502917476","0.9116666666666666","0.9116605319813875"
