"","accuracy","precision","recall","f1_score"
"0","0.905","0.905112531258683","0.905","0.9049934023196056"
