"","accuracy","precision","recall","f1_score"
"0","0.8958333333333334","0.8965217391304348","0.8958333333333333","0.8957881024750325"
