"","accuracy","precision","recall","f1_score"
"0","0.9041666666666667","0.9058815160720712","0.9041666666666667","0.9040653356774759"
