"","accuracy","precision","recall","f1_score"
"0","0.9075","0.9075101877546938","0.9075","0.9074994218713868"
