"","accuracy","precision","recall","f1_score"
"0","0.9075","0.9092289924932841","0.9075","0.9074021935669551"
