"","accuracy","precision","recall","f1_score"
"0","0.9083333333333333","0.909101535104808","0.9083333333333334","0.9082902807151135"
