"","accuracy","precision","recall","f1_score"
"0","0.9041666666666667","0.9047614411176423","0.9041666666666667","0.9041314482889895"
