"","accuracy","precision","recall","f1_score"
"0","0.9141666666666667","0.9152752207977406","0.9141666666666666","0.9141093465847694"
