"","accuracy","precision","recall","f1_score"
"0","0.9116666666666666","0.9126984126984128","0.9116666666666666","0.9116114238065458"
