"","accuracy","precision","recall","f1_score"
"0","0.8983333333333333","0.8984041607396871","0.8983333333333334","0.898328814613983"
