"","accuracy","precision","recall","f1_score"
"0","0.91","0.9110275689223057","0.91","0.9099437148217635"
