"","accuracy","precision","recall","f1_score"
"0","0.9075","0.9076913884573592","0.9075","0.9074891428230119"
