"","accuracy","precision","recall","f1_score"
"0","0.9008333333333334","0.9027137829699234","0.9008333333333334","0.900717434727623"
