"","accuracy","precision","recall","f1_score"
"0","0.9033333333333333","0.9063857417939187","0.9033333333333333","0.9031514733221271"
