"","accuracy","precision","recall","f1_score"
"0","0.9083333333333333","0.9089877136752137","0.9083333333333333","0.9082966519941309"
