"","accuracy","precision","recall","f1_score"
"0","0.9075","0.9084541943818754","0.9075","0.9074459458614371"
