"","accuracy","precision","recall","f1_score"
"0","0.9191666666666667","0.9196807756167973","0.9191666666666667","0.9191419038747284"
