"","accuracy","precision","recall","f1_score"
"0","0.9125","0.9131070378417174","0.9125","0.912467844089947"
