"","accuracy","precision","recall","f1_score"
"0","0.9133333333333333","0.9134987328264639","0.9133333333333333","0.9133246657999133"
